report_date,hospital_cases,region,social_signal_index,weather_risk_index
2025-11-15,8.686212149129638,Delhi,0.4986855724279969,0.2240900116809209
2025-11-16,9.070559087413901,Delhi,0.4986855724279969,0.26426325396088735
2025-11-17,6.804660927090286,Delhi,0.22055644281506642,0.2107822231978138
2025-11-18,7.661441519465647,Delhi,0.4413402122654404,0.3358106114154159
2025-11-19,5.8850095088130985,Delhi,0.30616464544516864,0.2851973734798572
2025-11-20,7.0698902271318556,Delhi,0.45558859104924593,0.371281032480398
2025-11-21,6.784806696016359,Delhi,0.4482041433417101,0.35601627516603773
2025-11-22,5.831226563869577,Delhi,0.3024110861018242,0.2636824705768995
2025-11-23,5.976395369703453,Delhi,0.2736012406390903,0.24354152433621418
2025-11-24,7.366510698174087,Delhi,0.5423056294524007,0.42006420541269607
2025-11-25,4.639260426334008,Delhi,0.2668843931518199,0.2556942913057845
2025-11-26,6.58359357800634,Delhi,0.555984995195506,0.44736411642706775
2025-11-27,5.930432960946418,Delhi,0.40670017676400666,0.3403087290890734
2025-11-28,6.083367655270248,Delhi,0.44056362989423087,0.3589445525463709
2025-11-29,7.882106150330898,Delhi,0.6714341439677761,0.5061920368656324
2025-11-30,8.749100443495216,Delhi,0.7214616606217292,0.533207639315874
2025-12-01,7.599831804030281,Delhi,0.5163315823075256,0.3955620658280721
2025-12-02,8.384498142268528,Delhi,0.780544567956426,0.587962662482691
2025-12-03,9.045786730762147,Delhi,0.6704341410346291,0.5291995941518803
2025-12-04,9.923618208382475,Delhi,0.7644501155037677,0.627406646993708
2025-12-05,8.285811826188166,Delhi,0.6351182263635031,0.5411017357171869
2025-12-06,10.258936627672396,Delhi,0.6405044754582283,0.563481243857445
2025-12-07,10.76699637744953,Delhi,0.6144904637941686,0.5640666317388053
2025-12-08,10.067850757931543,Delhi,0.6358752304851436,0.590100683427423
2025-12-09,10.572927034220854,Delhi,0.615834733270837,0.5465204602220635
2025-12-10,10.497345315667298,Delhi,0.5739219349374141,0.5125362128165838
2025-12-11,10.098114441292397,Delhi,0.5075434082570875,0.4349740114676076
2025-12-12,8.946097368680405,Delhi,0.5321203029375507,0.40573870473435497
2025-12-13,8.970464769947737,Delhi,0.4340464946055199,0.3261535315216839
2025-12-14,8.590701033766333,Delhi,0.38749491024611343,0.29530623684585905
2025-12-15,8.108264330336162,Delhi,0.3953505771535962,0.29125283469064495
2025-12-16,6.938824946049439,Delhi,0.30133969949964123,0.25406064366145104
2025-12-17,7.668643513565839,Delhi,0.33609401798100846,0.29091132425626687
2025-12-18,7.5066012945973615,Delhi,0.3426244301948925,0.3056167212728674
2025-12-19,4.959997708260186,Delhi,0.24767669060441505,0.29972316636998264
2025-12-20,7.5461881094671925,Delhi,0.402219173130708,0.4040352241245821
2025-12-21,5.408743788134394,Delhi,0.2771900650482472,0.3310019284962755
2025-12-22,6.3641152967741625,Delhi,0.36925024439545734,0.3930305384965879
2025-12-23,5.703037981358059,Delhi,0.40352857800356073,0.40710728392972206
2025-12-24,5.241581578389973,Delhi,0.3066846733866484,0.32572224917846077
2025-12-25,5.9602258148117935,Delhi,0.3694059730931115,0.34115727308142396
2025-12-26,6.6378792052141335,Delhi,0.6442263039157684,0.5141575018111377
2025-12-27,6.069374722165961,Delhi,0.37560028680443625,0.3064741159427482
2025-12-28,7.198593920716235,Delhi,0.6531842555611014,0.47903451213390724
2025-12-29,6.239711198370767,Delhi,0.4883922659313747,0.3488219522000484
2025-12-30,8.122148897324735,Delhi,0.6994233826311465,0.5105743705589196
2025-12-31,7.795528861128735,Delhi,0.699336993635153,0.5123168432850538
2026-01-01,9.218106244347599,Delhi,0.7410295919739711,0.572861363821611
2026-01-02,9.723557122351785,Delhi,0.713637744705323,0.5774473377508944
2026-01-03,9.467346307335802,Delhi,0.7219578707747341,0.6055593819680456
2026-01-04,8.731288845081297,Delhi,0.5934710132503556,0.5133648135892294
2026-01-05,10.21159560534247,Delhi,0.7379672697520581,0.6362597691442932
2026-01-06,9.513975705176522,Delhi,0.5772708041403553,0.5218207822222141
2026-01-07,10.038421877262508,Delhi,0.6225977818432074,0.5396420392229279
2026-01-08,8.934305327459267,Delhi,0.4835321596490389,0.4236325694582773
2026-01-09,10.358147721557366,Delhi,0.5327135739132567,0.45599498185904763
2026-01-10,8.94731853266498,Delhi,0.47106376621764917,0.3810595332067567
2026-01-11,9.237405150680353,Delhi,0.525777939564058,0.4037319734408276
2026-01-12,7.7022198626421785,Delhi,0.36536994187840344,0.2561439371958925
2026-01-13,8.782506940953473,Delhi,0.45831835839268864,0.3139455362396987
2026-01-14,10.031234876470096,Delhi,0.4982844137908252,0.3296299876116316
2026-01-15,8.512795636411402,Delhi,0.4751554172673229,0.3186424627116099
2026-01-16,7.477496114021597,Delhi,0.336811223266271,0.24224376698272368
2026-01-17,7.430859888779092,Delhi,0.4094255322437266,0.30783646525201147
2026-01-18,6.987491578442698,Delhi,0.36285993881550094,0.2957845452985476
2026-01-19,5.244050000835639,Delhi,0.3444223136577703,0.3260005703958438
2026-01-20,6.8752310331134,Delhi,0.3735919384254742,0.3509293090427481
2026-01-21,5.268887025363464,Delhi,0.175,0.23151954559209426
2026-01-22,4.924527885870173,Delhi,0.23049929344158562,0.295131286584467
2026-01-23,5.483899711860134,Delhi,0.337590717226396,0.35628867609083603
2026-01-24,5.35760651604671,Delhi,0.32324228050776194,0.34807592803607995
2026-01-25,6.342237490791855,Delhi,0.44126259492319836,0.4133900608568361
2026-01-26,7.463900222902495,Delhi,0.6994636819398881,0.5909095708158614
2026-01-27,6.1389888225624825,Delhi,0.4356383914230253,0.394485831619669
2026-01-28,8.345710669141873,Delhi,0.7668991639416489,0.586605074817412
2026-01-29,8.670062521310758,Delhi,0.8023897748772502,0.6141768539023905
2026-01-30,9.850419122060492,Delhi,0.825,0.6698823319133284
2026-01-31,9.303506947866934,Delhi,0.7688852760590306,0.6523145656822388
2026-02-01,8.99515973123612,Delhi,0.6675730845896848,0.5963680719293529
2026-02-02,9.582207891717704,Delhi,0.6274514008260432,0.5753362056068778
2026-02-03,9.027902246514808,Delhi,0.6681846437003487,0.6109673592431933
2026-02-04,8.249221214344939,Delhi,0.49328076490858075,0.4739878694262678
2026-02-05,8.924497122676376,Delhi,0.5129591921697636,0.46210967487973253
2026-02-06,9.701892997707176,Delhi,0.49038651090929486,0.4290733039225382
2026-02-07,9.046333887978621,Delhi,0.484282282097462,0.385512858179126
2026-02-08,8.869721937881291,Delhi,0.49163183604246485,0.36281562827745467
2026-02-09,10.543513482577733,Delhi,0.5528495653279861,0.41110657902171766
2026-02-10,9.495456585791533,Delhi,0.5246360820293035,0.3329570046825669
2026-02-11,8.832746229920904,Delhi,0.530839188752493,0.331540187041432
2026-02-12,7.810955332761396,Delhi,0.4378741204385491,0.28199007683258415
2026-02-13,8.699885199231758,Delhi,0.44301744986932984,0.28247313014395026
2026-02-14,8.450813665356838,Delhi,0.46507677608812914,0.3002232916490843
2026-02-15,6.461543276207305,Delhi,0.36148675109433825,0.27081209088139996
2026-02-16,7.6691390322061554,Delhi,0.32838610015982117,0.2510710470448045
2026-02-17,6.54951256444787,Delhi,0.31540861794893094,0.2640456621913031
2026-02-18,6.482895416333794,Delhi,0.3445876033435966,0.30267233877488475
2026-02-19,6.906634065313822,Delhi,0.43670873058348963,0.3737729362473553
2026-02-20,6.436908272165371,Delhi,0.3408562834292922,0.3092708664773314
2026-02-21,5.6023607856377575,Delhi,0.290839931751074,0.29095662304884645
2026-02-22,6.79817484336904,Delhi,0.5247663078963678,0.45065277796261705
2026-02-23,5.897582613189252,Delhi,0.3624279478646766,0.3074432283076772
2026-02-24,6.622992958130058,Delhi,0.5045613670142964,0.38040023297420983
2026-02-25,6.505573719468547,Delhi,0.5004960449630997,0.35941665868016875
2026-02-26,4.947875721368183,Delhi,0.342391611599615,0.2648987082998281
2026-02-27,7.474753207046788,Delhi,0.5852865865096206,0.41202560287668566
2026-02-28,8.620893984208758,Delhi,0.7445998767310891,0.5264968628870574
2026-03-01,10.214440745256507,Delhi,0.7590773695833839,0.5971852432075959
2026-03-02,7.7409288795269955,Delhi,0.6296419842769142,0.5080718566472482
2026-03-03,9.248896338060508,Delhi,0.6786401182097541,0.5618265861446906
2026-03-04,9.731239439875912,Delhi,0.7091405489502955,0.6044921620838741
2026-03-05,9.801721600683052,Delhi,0.7977506388948712,0.6840313800949278
2026-03-06,8.993957898309095,Delhi,0.5850589699828616,0.5381068655657256
2026-03-07,9.791763782597515,Delhi,0.563683073413549,0.5182378014190557
2026-03-08,9.780665477132134,Delhi,0.4750360709648194,0.45996592986562984
2026-03-09,11.751615543425745,Delhi,0.7188061350811017,0.6429405817193518
2026-03-10,10.934608070992933,Delhi,0.5858334427161206,0.5499486115028552
2026-03-11,8.058816419111807,Delhi,0.41428371019640475,0.4134821235553036
2026-03-12,8.139703840493429,Delhi,0.41277915318161607,0.3462823616460866
2026-03-13,9.649787226539424,Delhi,0.5334193672417905,0.41244340076385017
2026-03-14,8.800266552502677,Delhi,0.4466799086406113,0.3509977173807318
2026-03-15,7.929262331939473,Delhi,0.40014183206715126,0.32617247400630456
2026-03-16,7.419445097773771,Delhi,0.26155798388099616,0.23560008979466246
2026-03-17,7.437273622989609,Delhi,0.2936434181103761,0.27245891109617304
2026-03-18,8.60822243371619,Delhi,0.5328576029036295,0.4375596850185879
2026-03-19,6.878347503090735,Delhi,0.42097492093831174,0.37585859639513375
2026-03-20,6.975297530187753,Delhi,0.33024938605717313,0.3260531832380995
2026-03-21,6.95685788382978,Delhi,0.37684506203793355,0.36369127139559276
2026-03-22,5.0867526001008665,Delhi,0.3041751221215115,0.3437816601687506
2026-03-23,5.278448139125404,Delhi,0.34374248376493405,0.34603680073335813
2026-03-24,4.528467243868739,Delhi,0.27863199466149396,0.2896364033019208
2026-03-25,7.141128139548315,Delhi,0.38041315937279047,0.35750019251945964
2026-03-26,5.216234762155987,Delhi,0.3601032175257399,0.3528146927415987
2026-03-27,6.84000524600173,Delhi,0.4869500150435572,0.4101434871681604
2026-03-28,7.508374007366213,Delhi,0.5466830008822441,0.4350574522037661
2026-03-29,6.035660133611417,Delhi,0.5801723903239024,0.4518642054348069
2026-03-30,6.732737879926027,Delhi,0.6207865620885635,0.47633547346875627
2026-03-31,6.84114271135395,Delhi,0.686438586845703,0.5178911293057977
2026-04-01,9.38391842813134,Delhi,0.6716731761201333,0.5264491178047519
2026-04-02,8.474680265586851,Delhi,0.7384030247549087,0.5880256643747375
2026-04-03,8.993356647538526,Delhi,0.6471414213483639,0.5455143858541406
2026-04-04,11.084405508411486,Delhi,0.7353868488853383,0.6650040259981036
2026-04-05,8.839818363613924,Delhi,0.6727615144270702,0.6158364231410438
2026-04-06,11.567612259615444,Delhi,0.7848779921414382,0.7247232253286879
2026-04-07,10.059759287374618,Delhi,0.6750750398335714,0.6262830116409869
2026-04-08,10.046259529364784,Delhi,0.5332758220707241,0.5332236467963911
2026-04-09,10.019072879945849,Delhi,0.5785667996650876,0.5361087272229247
2026-04-10,9.316312573022177,Delhi,0.5150245897326361,0.4795695844699661
2026-04-11,9.91590720454387,Delhi,0.4398379497282632,0.42257000575080467
2026-04-12,8.532731707543707,Delhi,0.4829611179015628,0.4164018997944904
2026-04-13,9.565420361878399,Delhi,0.39570952532020287,0.3249427881833003
2026-04-14,9.285779018549155,Delhi,0.4576969431634363,0.327325808195855
2026-04-15,6.029382303703043,Delhi,0.2834896971684538,0.2697183476237578
2026-04-16,8.067810400257283,Delhi,0.387449917382374,0.3455997056550867
2026-04-17,6.531171445309859,Delhi,0.33481019971891407,0.3388347708136953
2026-04-18,8.104151597329,Delhi,0.38695804222055613,0.36376887847566336
2026-04-19,6.320726568220749,Delhi,0.3578713233131782,0.3680367983891642
2026-04-20,5.117398194551187,Delhi,0.2039089574759094,0.27193861257944524
2026-04-21,6.575056756787262,Delhi,0.3028854372245952,0.33833584985036425
2026-04-22,4.480516069314927,Delhi,0.3803206802907757,0.4148536572518121
2026-04-23,5.1230919848762735,Delhi,0.26593732278945115,0.33440847534017026
2025-11-15,9.96835820352143,Karnataka,0.5073410466774106,0.23008226308436117
2025-11-16,8.898145639866952,Karnataka,0.5073410466774106,0.34669178358740116
2025-11-17,10.708846400186944,Karnataka,0.6637770153659642,0.4786598544216735
2025-11-18,9.463627671072587,Karnataka,0.4725922448129041,0.32453081889026886
2025-11-19,9.273702357590142,Karnataka,0.47277321582974935,0.31410671189312234
2025-11-20,10.792184601897384,Karnataka,0.5749661034840639,0.3967896666844411
2025-11-21,9.80799310193692,Karnataka,0.5051859830613408,0.33806285047809015
2025-11-22,9.305774122021798,Karnataka,0.4739717226701162,0.31249925528364797
2025-11-23,8.08975179908767,Karnataka,0.46623314871236976,0.3329848664730737
2025-11-24,8.866891595547147,Karnataka,0.412552476135868,0.29322104740316385
2025-11-25,7.086715139061024,Karnataka,0.3815885754217031,0.3093846401123185
2025-11-26,6.97374863727523,Karnataka,0.38108546628627504,0.33197848906846494
2025-11-27,7.8394750615331805,Karnataka,0.3391334141393554,0.30274854612929136
2025-11-28,4.256839696667063,Karnataka,0.175,0.2669526085332173
2025-11-29,6.95725721147453,Karnataka,0.3518483454227853,0.39136124923643106
2025-11-30,6.64574589144577,Karnataka,0.407250707608422,0.438730605725953
2025-12-01,6.0956493934279745,Karnataka,0.3095500139526026,0.36258242072154934
2025-12-02,5.195484559338951,Karnataka,0.3642012572721949,0.4139408660318953
2025-12-03,6.358830072571457,Karnataka,0.4587982159692363,0.47441672063743845
2025-12-04,6.00012339282077,Karnataka,0.36007943957147176,0.3682529249750227
2025-12-05,6.151009722518961,Karnataka,0.6657113064602195,0.5500583411998847
2025-12-06,7.252376912337364,Karnataka,0.5309389879898686,0.42788617322829076
2025-12-07,5.782027284861758,Karnataka,0.4387440244818334,0.35645620689903507
2025-12-08,6.547309949780072,Karnataka,0.5439354763920118,0.3953395857569495
2025-12-09,8.393972957330057,Karnataka,0.7637849270981467,0.5685925588306516
2025-12-10,5.777933450174222,Karnataka,0.4639713271965885,0.3616002580127198
2025-12-11,8.760110749760457,Karnataka,0.7160091669805999,0.5547053352640232
2025-12-12,9.92799237667708,Karnataka,0.7767036162153145,0.6209067158841595
2025-12-13,9.293466695278829,Karnataka,0.6424212866336805,0.551548766455588
2025-12-14,8.42753475663465,Karnataka,0.6758628659016832,0.5811760421789554
2025-12-15,9.900177697366443,Karnataka,0.7110319508017129,0.62602240990667
2025-12-16,10.710600810302052,Karnataka,0.640277053156339,0.5902889020290087
2025-12-17,10.328627099604033,Karnataka,0.7588420539878971,0.6828732931793073
2025-12-18,11.277024915609502,Karnataka,0.6370431695806187,0.6107551447549857
2025-12-19,10.626843857595485,Karnataka,0.5420570132169118,0.538246173096441
2025-12-20,10.71324409899593,Karnataka,0.5771710469176388,0.5641767909281018
2025-12-21,8.705972151349817,Karnataka,0.5207655410453164,0.4872187574758091
2025-12-22,9.358500505569225,Karnataka,0.4813254197668495,0.42922337370239416
2025-12-23,9.982024693317419,Karnataka,0.47208477397260595,0.4186216287596003
2025-12-24,9.633098981631727,Karnataka,0.4733385739334876,0.33822992639005833
2025-12-25,8.302963364037053,Karnataka,0.36050873705938685,0.26802061848790115
2025-12-26,8.401142182232903,Karnataka,0.39260168281184915,0.30138227267135065
2025-12-27,6.561131494762722,Karnataka,0.2859728733642706,0.27517456188758666
2025-12-28,7.684643272494287,Karnataka,0.44917957452408075,0.3976007378001947
2025-12-29,6.203646634767236,Karnataka,0.32461994024086405,0.34885909432399204
2025-12-30,7.436643396918615,Karnataka,0.35172622843229495,0.3673144259092093
2025-12-31,7.089709419341219,Karnataka,0.34454874712854144,0.3652054235413573
2026-01-01,5.912554350932171,Karnataka,0.34681060684407927,0.36383759569343277
2026-01-02,6.276753289429279,Karnataka,0.35775656541899215,0.362232908620187
2026-01-03,5.445994099249511,Karnataka,0.4252842687317261,0.3985899757917961
2026-01-04,6.47696449302353,Karnataka,0.41632268855838944,0.3918685901105071
2026-01-05,5.979030956386708,Karnataka,0.4899566672513761,0.43427516367448765
2026-01-06,6.754708662070692,Karnataka,0.45429624961609294,0.3725665372956982
2026-01-07,7.266287155687788,Karnataka,0.5212894634844016,0.37739376395267227
2026-01-08,7.07639836537205,Karnataka,0.5989086435195425,0.41576921385393906
2026-01-09,7.652582774097943,Karnataka,0.61280448334756,0.40988496855669565
2026-01-10,7.860256646062584,Karnataka,0.6869472012089182,0.4710509671985352
2026-01-11,8.109625681579647,Karnataka,0.6228245790608531,0.4336875274822076
2026-01-12,9.759374647940497,Karnataka,0.7661262883166766,0.5785668654072258
2026-01-13,9.27404159494407,Karnataka,0.6678359495581725,0.5330320952135863
2026-01-14,7.86523352466275,Karnataka,0.5438106191982772,0.44893372397570097
2026-01-15,9.378847141227475,Karnataka,0.6460782437844227,0.5279612013990895
2026-01-16,9.118649823935861,Karnataka,0.5922852912801031,0.49285929924977195
2026-01-17,11.645426403370703,Karnataka,0.7214150903831364,0.6136361043606865
2026-01-18,10.578349994061426,Karnataka,0.6388504645121544,0.5634636429138502
2026-01-19,9.532853246168713,Karnataka,0.4957147543021346,0.44123993657903815
2026-01-20,9.768472041970025,Karnataka,0.5328031631868952,0.45260730774787855
2026-01-21,9.231480483929365,Karnataka,0.5771874327412632,0.4699003532433284
2026-01-22,10.123450687304224,Karnataka,0.544656301680097,0.4300323986734983
2026-01-23,8.45595223340375,Karnataka,0.47448372216282775,0.37055162619963045
2026-01-24,7.306541768842907,Karnataka,0.2901579179252471,0.2533461331135578
2026-01-25,9.07477723893153,Karnataka,0.4270555428417835,0.3404530999315114
2026-01-26,7.245421323201732,Karnataka,0.38230783319625705,0.3296384216153514
2026-01-27,7.380688624366172,Karnataka,0.37194470603787755,0.33661732458135296
2026-01-28,5.676329325724568,Karnataka,0.2975667933315587,0.32508603540569625
2026-01-29,6.6212929020738684,Karnataka,0.28739981276656457,0.3341842514784189
2026-01-30,4.739506515801907,Karnataka,0.2581503756185322,0.3600656446589839
2026-01-31,5.594598564924613,Karnataka,0.38367461626961796,0.42998441575033197
2026-02-01,6.725800470739733,Karnataka,0.3313872726427777,0.3723386537161887
2026-02-02,5.860229866524342,Karnataka,0.39803974565307004,0.414624699084531
2026-02-03,5.622807877942853,Karnataka,0.3641214906847484,0.37834182548726036
2026-02-04,6.99224556996393,Karnataka,0.6191671452712708,0.5364822247318668
2026-02-05,5.852433944466695,Karnataka,0.4440431918460388,0.37063090113362873
2026-02-06,6.442567212779037,Karnataka,0.6501535778503331,0.49511704937839873
2026-02-07,7.536812893489647,Karnataka,0.6637711900550467,0.506816717508591
2026-02-08,7.561628927662176,Karnataka,0.5717570730969626,0.40946096729718406
2026-02-09,8.541526909438304,Karnataka,0.7102190309292928,0.5284380432686233
2026-02-10,8.681963262051035,Karnataka,0.7260259314950939,0.5601994080159307
2026-02-11,8.731008003816068,Karnataka,0.6242694375660611,0.5044749466987328
2026-02-12,8.90082282355964,Karnataka,0.705657788025214,0.5784795712406631
2026-02-13,9.757473385937452,Karnataka,0.7113395915376193,0.5860593717588375
2026-02-14,10.143878957760771,Karnataka,0.6588724504668844,0.5633779246385262
2026-02-15,11.057143318471175,Karnataka,0.7020124473074252,0.6276723063651325
2026-02-16,10.110332636559264,Karnataka,0.5900702346618153,0.54589063026472
2026-02-17,10.318519300922862,Karnataka,0.591633684506271,0.5305992154191148
2026-02-18,8.592595577963163,Karnataka,0.5003810029606982,0.45654522170414924
2026-02-19,9.701454768019486,Karnataka,0.5476815784166442,0.4533288026718948
2026-02-20,7.697478624849324,Karnataka,0.4047390213842584,0.3295526540280477
2026-02-21,9.587188055669413,Karnataka,0.4787693113834533,0.3669195529612583
2026-02-22,8.150978198904443,Karnataka,0.35694622165112605,0.2725961299259553
2026-02-23,8.517717781367287,Karnataka,0.4211895327122739,0.3172954940134777
2026-02-24,7.55252412153529,Karnataka,0.3539075540868003,0.2857421850960008
2026-02-25,7.364286386828503,Karnataka,0.4360535036493879,0.35883738082736927
2026-02-26,7.075635154970148,Karnataka,0.3517501206971799,0.31915306401588256
2026-02-27,6.804648592429705,Karnataka,0.45195403809396856,0.4040001514854312
2026-02-28,6.349878633380154,Karnataka,0.3032565262982801,0.3131210432120727
2026-03-01,7.016674814046288,Karnataka,0.4313653323699668,0.3778396788175009
2026-03-02,6.369338972329112,Karnataka,0.3602218905460931,0.32268173356261487
2026-03-03,6.097699103758115,Karnataka,0.40330582064790893,0.3349361559857976
2026-03-04,5.852884726671233,Karnataka,0.39592004162889616,0.33848191378247766
2026-03-05,5.841452206419003,Karnataka,0.41333883645069613,0.33169163579942074
2026-03-06,7.8420036767318635,Karnataka,0.5885513504228954,0.45394298620413154
2026-03-07,6.688440599597874,Karnataka,0.5332396719056975,0.37759060244257886
2026-03-08,6.62338952817624,Karnataka,0.47747914525623947,0.3283032270235883
2026-03-09,7.062100518267698,Karnataka,0.5603985072069823,0.36114562679791556
2026-03-10,7.044326548343046,Karnataka,0.5787500035602089,0.36813083912169986
2026-03-11,10.150549661501445,Karnataka,0.825,0.6161643429913548
2026-03-12,7.17846762587528,Karnataka,0.5978788690523049,0.45916128056219696
2026-03-13,9.522739827188259,Karnataka,0.6182608278464129,0.5044679323689146
2026-03-14,9.34428637422223,Karnataka,0.6771848038048618,0.5618122829136167
2026-03-15,10.05214164719862,Karnataka,0.7163828583271237,0.6156353963901897
2026-03-16,10.034218260434216,Karnataka,0.6782489785957364,0.6033587139500468
2026-03-17,10.842166295660515,Karnataka,0.7154813798287356,0.6453061549198018
2026-03-18,9.209525649172518,Karnataka,0.45868622743340476,0.4503087131481335
2026-03-19,10.732980586019004,Karnataka,0.6937371137167689,0.6031405800403367
2026-03-20,10.912479397506475,Karnataka,0.576503476508246,0.5338681385285966
2026-03-21,10.035199322958396,Karnataka,0.5410535218381328,0.49164303792802755
2026-03-22,9.223259405038748,Karnataka,0.4672855703225862,0.41158902742773135
2026-03-23,8.3558101038312,Karnataka,0.4252854657676382,0.36210406910664905
2026-03-24,7.45904612858923,Karnataka,0.33793874946721,0.29243452203353304
2026-03-25,7.371529376880618,Karnataka,0.4105847098929307,0.36007338929528687
2026-03-26,8.874591944980992,Karnataka,0.4067056225988155,0.33505807765337087
2026-03-27,6.509427455643844,Karnataka,0.26178687806573137,0.2718404937120673
2026-03-28,7.5769814122175365,Karnataka,0.3598103503911328,0.34993474060861385
2026-03-29,6.463553258892036,Karnataka,0.3343634239089037,0.352075454939872
2026-03-30,7.5608554288626975,Karnataka,0.45489980315295814,0.4344516000841855
2026-03-31,6.092016630005826,Karnataka,0.41577788081742084,0.40791515569228787
2026-04-01,7.057757557144136,Karnataka,0.4857552327076631,0.45801994155972403
2026-04-02,7.5844040595244655,Karnataka,0.4180275645739393,0.38319095653209734
2026-04-03,5.675198949166799,Karnataka,0.4480660385789146,0.3780911160326522
2026-04-04,7.0864535169692235,Karnataka,0.47188161787297805,0.3598802696453629
2026-04-05,6.921348872559709,Karnataka,0.5407759198264622,0.3838146320787733
2026-04-06,7.393604813091998,Karnataka,0.49524253519848066,0.34215215589472264
2026-04-07,6.296121385159348,Karnataka,0.522157147560576,0.3642121189021763
2026-04-08,8.132825813945937,Karnataka,0.5850492344116429,0.4152897203145885
2026-04-09,7.959823600533606,Karnataka,0.5338828784138391,0.3612223981550708
2026-04-10,8.567024428345839,Karnataka,0.7102388893701235,0.4972087984942405
2026-04-11,9.131858426810343,Karnataka,0.6429253873443845,0.4738126340657485
2026-04-12,9.003632050297373,Karnataka,0.6401803987312111,0.48274789874126856
2026-04-13,9.84266071227891,Karnataka,0.6578190704981388,0.5226260676789587
2026-04-14,10.310655767488969,Karnataka,0.7437567556085376,0.5988098321522255
2026-04-15,10.18205410987303,Karnataka,0.6203236983409681,0.5289685231019775
2026-04-16,10.209615576590238,Karnataka,0.6274709109117995,0.5476998184778594
2026-04-17,10.114220169989256,Karnataka,0.5871912053442918,0.4980373869714442
2026-04-18,9.72713989957126,Karnataka,0.5373723428818233,0.45566284105052896
2026-04-19,8.561227880298272,Karnataka,0.4852137105640347,0.40182562454841364
2026-04-20,9.648268394156347,Karnataka,0.49755591259742993,0.3985714964805166
2026-04-21,10.350405319743926,Karnataka,0.5093475787785429,0.3609532894528569
2026-04-22,9.13090100871553,Karnataka,0.4543101668132183,0.31083432719107085
2026-04-23,8.300388836488438,Karnataka,0.40952556722309424,0.2723728378957337
2025-11-15,9.47743710422474,Maharashtra,0.4500204061184531,0.19039874269739063
2025-11-16,8.660248148715219,Maharashtra,0.4500204061184531,0.2795175809526597
2025-11-17,7.694200368005008,Maharashtra,0.2645400590740228,0.19966102235829888
2025-11-18,7.394563710417714,Maharashtra,0.320409002991046,0.2470559294616288
2025-11-19,6.409559529458691,Maharashtra,0.2823459902699973,0.2565044878448786
2025-11-20,6.992071050187674,Maharashtra,0.3778461208572985,0.31369673587507374
2025-11-21,6.652199846928328,Maharashtra,0.3744983045033178,0.30920842341095534
2025-11-22,6.508073268400657,Maharashtra,0.24543330537704805,0.2182054253454379
2025-11-23,6.897944408672311,Maharashtra,0.3214325757733658,0.2626152488899491
2025-11-24,6.307576852416996,Maharashtra,0.3451717010852493,0.27905002026096704
2025-11-25,5.074759478169477,Maharashtra,0.26945250234169216,0.2500512472943902
2025-11-26,7.176358769845298,Maharashtra,0.5127938915238517,0.40996003008726767
2025-11-27,6.645433496271763,Maharashtra,0.42212025560955146,0.3408246935904409
2025-11-28,5.1997156874830734,Maharashtra,0.3322175899081107,0.28920188716914574
2025-11-29,6.374940780565638,Maharashtra,0.4388647917650742,0.324161370940945
2025-11-30,8.479973293164736,Maharashtra,0.5829879440200367,0.4195265327775027
2025-12-01,7.159049584285993,Maharashtra,0.5190840420690371,0.3698544550820124
2025-12-02,7.786701576056351,Maharashtra,0.6659262728773523,0.4764069362379796
2025-12-03,8.55235373132591,Maharashtra,0.5534824529914795,0.41772289269797525
2025-12-04,7.205833599048325,Maharashtra,0.4910022662486514,0.375089007676362
2025-12-05,10.384559381078263,Maharashtra,0.825,0.6628001351141614
2025-12-06,9.947917861351023,Maharashtra,0.6844770854870961,0.5927540711826947
2025-12-07,11.17150716974293,Maharashtra,0.6160343649308748,0.5903778128188302
2025-12-08,10.627763221583956,Maharashtra,0.6547139177241659,0.6343097169564165
2025-12-09,9.192414297681028,Maharashtra,0.5285922601704638,0.520988608744803
2025-12-10,11.485128810445513,Maharashtra,0.6105118274807452,0.6022436265261142
2025-12-11,9.402325375377647,Maharashtra,0.565185017565119,0.5595599073950244
2025-12-12,9.0920128519632,Maharashtra,0.38431207294964814,0.3867014770584014
2025-12-13,9.652847402340354,Maharashtra,0.4347467139844642,0.3907562779767706
2025-12-14,7.880413470936336,Maharashtra,0.2789522121587732,0.2885141922645552
2025-12-15,10.609441652077095,Maharashtra,0.4490215184556468,0.39140454091331844
2025-12-16,7.409600561184832,Maharashtra,0.3527953649301522,0.33114402320881814
2025-12-17,8.268609554381866,Maharashtra,0.26983667072899564,0.27631938385803373
2025-12-18,7.153717127762458,Maharashtra,0.31755551677968963,0.3103807803856671
2025-12-19,8.13699301114592,Maharashtra,0.3916543476729497,0.3637562141315821
2025-12-20,7.106653439091934,Maharashtra,0.29189562712831424,0.310162871276233
2025-12-21,5.840311073394983,Maharashtra,0.3176221661375297,0.3439545038924749
2025-12-22,7.045131279282374,Maharashtra,0.21004951194145152,0.26242279575522
2025-12-23,5.92212661952361,Maharashtra,0.3428702970367893,0.3730915941237042
2025-12-24,5.699063710316832,Maharashtra,0.25935816448387095,0.2899555104174911
2025-12-25,5.408795794325978,Maharashtra,0.3134529136655665,0.3352621189108399
2025-12-26,7.26304807156686,Maharashtra,0.37897755791612026,0.37024199998346496
2025-12-27,5.721213165516683,Maharashtra,0.335175638382398,0.3255872018426388
2025-12-28,5.389504485037818,Maharashtra,0.41144438481025314,0.3863242371396575
2025-12-29,7.983982769946227,Maharashtra,0.5312121672240255,0.40752523899192705
2025-12-30,7.8562248328479605,Maharashtra,0.6136616899744727,0.46900317982918865
2025-12-31,6.669388476586199,Maharashtra,0.5286146936294548,0.3961717245902904
2026-01-01,8.562601755612082,Maharashtra,0.700117633020382,0.5333792962358612
2026-01-02,8.633516523856315,Maharashtra,0.551766917589448,0.43907934411105687
2026-01-03,8.815768133520468,Maharashtra,0.673570760335405,0.5418737427471643
2026-01-04,8.360325718698364,Maharashtra,0.6523132715182381,0.5293776096214103
2026-01-05,7.768306779111562,Maharashtra,0.4361013515423738,0.3815847320591812
2026-01-06,8.6228577453913,Maharashtra,0.49968480908093793,0.4263245326905968
2026-01-07,9.704190455841758,Maharashtra,0.643998175973624,0.5340443961841079
2026-01-08,10.210386477335897,Maharashtra,0.5500570943964431,0.46952844812209515
2026-01-09,9.010481029536017,Maharashtra,0.4722987467380917,0.41729974634478595
2026-01-10,9.02529878112572,Maharashtra,0.4623288248430245,0.3848977123394408
2026-01-11,11.476060163194294,Maharashtra,0.6324357772220385,0.49570233659138685
2026-01-12,11.085821484773108,Maharashtra,0.6350547168638958,0.5173384611465481
2026-01-13,9.483405763686871,Maharashtra,0.49571426827285203,0.4151893106419895
2026-01-14,8.812034415428913,Maharashtra,0.403230611904745,0.31936111855429006
2026-01-15,8.773191595117554,Maharashtra,0.3736725191544744,0.2974713735981249
2026-01-16,8.364114690027145,Maharashtra,0.41495428933232137,0.3283816952212905
2026-01-17,7.181413583501912,Maharashtra,0.3490227587181196,0.30342172789180955
2026-01-18,7.111926664117325,Maharashtra,0.20421503098805108,0.21935299511836256
2026-01-19,6.973089269317641,Maharashtra,0.20175104233593077,0.2293306507315777
2026-01-20,5.852420300151336,Maharashtra,0.21493314705802474,0.2750022856062606
2026-01-21,7.13363432230815,Maharashtra,0.3339176458807417,0.36263586535951775
2026-01-22,6.62458079092241,Maharashtra,0.2965367138773272,0.33833907681629716
2026-01-23,6.748697095528242,Maharashtra,0.32958957323382143,0.3674963707568768
2026-01-24,6.162941379968741,Maharashtra,0.37151698696539653,0.406246751373377
2026-01-25,5.667410462687266,Maharashtra,0.3362446063796488,0.3485161498022008
2026-01-26,6.386840059736298,Maharashtra,0.4023682019487959,0.3395260688837862
2026-01-27,4.855105536571603,Maharashtra,0.3678893563913551,0.3109178130867313
2026-01-28,7.384824540518506,Maharashtra,0.4711798721099088,0.3630213433910735
2026-01-29,8.553767171084584,Maharashtra,0.611597608360928,0.45540772789881234
2026-01-30,6.497251435949455,Maharashtra,0.42984866509399383,0.3127897358008268
2026-01-31,7.663499293069931,Maharashtra,0.5710648891176916,0.4153407268099355
2026-02-01,8.970198164215393,Maharashtra,0.7079396583041302,0.5383057373046598
2026-02-02,8.577613709950441,Maharashtra,0.6098700568453794,0.4853299087390711
2026-02-03,9.63058805291298,Maharashtra,0.7839236142494945,0.6295290048552431
2026-02-04,9.495297142774719,Maharashtra,0.5852822042120103,0.5123341136299502
2026-02-05,10.48587711155414,Maharashtra,0.5694502576721099,0.5316874019237048
2026-02-06,10.191183281070572,Maharashtra,0.6711596194792172,0.6185873420553087
2026-02-07,10.160470168815628,Maharashtra,0.5910097223411523,0.5663890133528906
2026-02-08,8.887307392585441,Maharashtra,0.4455131575790339,0.4432197876574635
2026-02-09,10.911424273490066,Maharashtra,0.5770791281771207,0.5368002501367088
2026-02-10,10.656127703125067,Maharashtra,0.5039856252538912,0.43181853711086576
2026-02-11,8.91402382229769,Maharashtra,0.41987618983929187,0.35860424554378234
2026-02-12,9.137741797292723,Maharashtra,0.37952869943920686,0.32821487249084524
2026-02-13,9.561970571121169,Maharashtra,0.41647580317144894,0.3063460684929916
2026-02-14,7.503269045696014,Maharashtra,0.3070532322177941,0.2345964320350313
2026-02-15,7.9900409723355965,Maharashtra,0.3997878577821006,0.31071234150218563
2026-02-16,7.614122002177563,Maharashtra,0.26286328678262216,0.23011031699391984
2026-02-17,6.391034497517374,Maharashtra,0.1949253129640199,0.22203325311274585
2026-02-18,6.70038524088769,Maharashtra,0.3077354007534649,0.32201866454781714
2026-02-19,6.611587026516129,Maharashtra,0.2811007070846772,0.31112487078585566
2026-02-20,7.06520736019178,Maharashtra,0.2750131191676646,0.30496511114053504
2026-02-21,4.504017104638073,Maharashtra,0.2292678489928887,0.3100270324171268
2026-02-22,5.668383733576726,Maharashtra,0.26820728002001915,0.3504691997221387
2026-02-23,4.938174239539857,Maharashtra,0.22954249953147096,0.31055513467882245
2026-02-24,6.076085763734918,Maharashtra,0.4224129062196127,0.40595937840655894
2026-02-25,7.70037646975205,Maharashtra,0.5383409736261846,0.4735528586964948
2026-02-26,8.083206780531263,Maharashtra,0.576942205667982,0.4851003317653012
2026-02-27,6.286443318005242,Maharashtra,0.3850994709559452,0.3155604479517924
2026-02-28,6.958539057476032,Maharashtra,0.658323150605409,0.501174346543683
2026-03-01,8.433899004657459,Maharashtra,0.6721133082054307,0.5182673329675698
2026-03-02,8.958039019931684,Maharashtra,0.7544308198566134,0.5964624895353074
2026-03-03,9.504694650869343,Maharashtra,0.6897756897845724,0.5813991024584726
2026-03-04,10.527157100905471,Maharashtra,0.6355725188549306,0.5868656676989186
2026-03-05,8.140162524341877,Maharashtra,0.4535791469224168,0.4617499916191018
2026-03-06,10.121882576228197,Maharashtra,0.6894363817783531,0.6477535516521685
2026-03-07,10.332499887181417,Maharashtra,0.6477352574444654,0.605626310358111
2026-03-08,9.545789209648847,Maharashtra,0.5118474764977586,0.4981772290435629
2026-03-09,9.496220596984006,Maharashtra,0.4794505275371324,0.4346981212053729
2026-03-10,10.411055266536072,Maharashtra,0.4991899755624899,0.4301049039565711
2026-03-11,9.357204816545389,Maharashtra,0.3873900130227684,0.3463688400606778
2026-03-12,9.06842908695884,Maharashtra,0.5005752898697486,0.4204258051147951
2026-03-13,9.832265922686041,Maharashtra,0.4344616864782279,0.33170839087552134
2026-03-14,8.767544562502987,Maharashtra,0.36559039358871787,0.2457794550640712
2026-03-15,9.575427918418749,Maharashtra,0.45165706938608746,0.29578358771051516
2026-03-16,8.024176646503607,Maharashtra,0.3687696800385011,0.25397332376395426
2026-03-17,8.158861413034261,Maharashtra,0.3228949336422425,0.23394997760927377
2026-03-18,7.624590665636869,Maharashtra,0.34871448603594446,0.25978785182870634
2026-03-19,7.621063897247606,Maharashtra,0.3629912918335425,0.2781051101536692
2026-03-20,7.389518316403255,Maharashtra,0.29957288984970065,0.24353790372666875
2026-03-21,6.198981751284261,Maharashtra,0.2850635737549777,0.25718398005572995
2026-03-22,7.146966797263722,Maharashtra,0.28672327977847767,0.2634949329651599
2026-03-23,5.83345256206989,Maharashtra,0.2958514974053289,0.2928987413675145
2026-03-24,6.170897817083106,Maharashtra,0.3039875595470637,0.28992072275076064
2026-03-25,4.920811062176673,Maharashtra,0.2431764441884916,0.2713142076719088
2026-03-26,4.228670276289487,Maharashtra,0.175,0.2528484925918496
2026-03-27,6.747714478150522,Maharashtra,0.3937758425564265,0.3771688701429232
2026-03-28,7.154690873948422,Maharashtra,0.5350772933652959,0.4616615886521098
2026-03-29,7.5687246923580265,Maharashtra,0.48670630197049125,0.3958020114828389
2026-03-30,7.136210832725377,Maharashtra,0.5622173858290398,0.44031852864156057
2026-03-31,7.549769597275714,Maharashtra,0.5652506683359535,0.4346821163876069
2026-04-01,7.829288563517634,Maharashtra,0.6856802819452565,0.5204431405544998
2026-04-02,8.406444942313394,Maharashtra,0.7681056672811697,0.5884076508486071
2026-04-03,7.910640242063031,Maharashtra,0.5315023438098209,0.429352629977144
2026-04-04,9.643757931659719,Maharashtra,0.6206332259216808,0.5236065183392651
2026-04-05,9.103628453498843,Maharashtra,0.5505576258215819,0.49172192597892905
2026-04-06,12.04853650321619,Maharashtra,0.7632038367364542,0.7058976309871989
2026-04-07,9.641512012978017,Maharashtra,0.5728957222191362,0.5779662692286328
2026-04-08,10.81481209949944,Maharashtra,0.6197189735081694,0.6034581247399411
2026-04-09,8.916751336297983,Maharashtra,0.47774484165612835,0.444899278977686
2026-04-10,9.198244561565364,Maharashtra,0.5194503018298866,0.45963338319380204
2026-04-11,10.70648590931776,Maharashtra,0.506260885049912,0.45119237609160556
2026-04-12,9.793954937774103,Maharashtra,0.48600183086837107,0.4290910043793651
2026-04-13,9.045637089940344,Maharashtra,0.2950215294223747,0.27680975815092845
2026-04-14,9.863392537148158,Maharashtra,0.461977963204792,0.37631505016382727
2026-04-15,7.463883472803176,Maharashtra,0.2700189087146203,0.2501970285022964
2026-04-16,8.515756967781781,Maharashtra,0.427369577542,0.3580321108154464
2026-04-17,6.4543221650685805,Maharashtra,0.29406312646263766,0.2958551199102799
2026-04-18,6.281502669602672,Maharashtra,0.18735712246629757,0.2563786273990702
2026-04-19,6.451647636096362,Maharashtra,0.23633432039116087,0.3138316309978368
2026-04-20,7.70993146056758,Maharashtra,0.3593456530230697,0.3649225110853895
2026-04-21,6.554274607195102,Maharashtra,0.21969075433214308,0.27813798908706694
2026-04-22,8.171204304361698,Maharashtra,0.5025489762816311,0.44978413714775584
2026-04-23,6.632961796649453,Maharashtra,0.3121687914908219,0.32475482665416094
2025-11-15,6.903233632769778,Tamil Nadu,0.3475564378030556,0.24061599540211542
2025-11-16,7.9060487804232125,Tamil Nadu,0.3475564378030556,0.34894035158547165
2025-11-17,7.795242848327949,Tamil Nadu,0.41418590116338594,0.3707316430482289
2025-11-18,7.495894934392188,Tamil Nadu,0.34265982915171994,0.30586608345545285
2025-11-19,5.386410948798769,Tamil Nadu,0.13216738548078857,0.24924114964209737
2025-11-20,6.2549742511852315,Tamil Nadu,0.27259752454139313,0.339272833079889
2025-11-21,5.4266872263145505,Tamil Nadu,0.22848420282588125,0.32156780011040265
2025-11-22,6.494194416121045,Tamil Nadu,0.31469621711787776,0.36970678505812227
2025-11-23,5.59220507906232,Tamil Nadu,0.16004743731759408,0.2637752901330511
2025-11-24,6.7608510193784035,Tamil Nadu,0.25936757581896075,0.32403986965041065
2025-11-25,5.66929878726774,Tamil Nadu,0.18811614151872633,0.2738668432798916
2025-11-26,7.290346090066366,Tamil Nadu,0.5210474256382185,0.5018578660545852
2025-11-27,5.797931383209621,Tamil Nadu,0.3077329342377955,0.3521865974255973
2025-11-28,7.139554616785934,Tamil Nadu,0.4983888374141343,0.48108483067847296
2025-11-29,6.776445501721489,Tamil Nadu,0.37145956035827105,0.3927428805128092
2025-11-30,8.64358533927219,Tamil Nadu,0.6043501528410231,0.5696006116576016
2025-12-01,7.755568267369159,Tamil Nadu,0.42595546352611247,0.4455454363392224
2025-12-02,9.586059484990926,Tamil Nadu,0.65,0.6414596339841777
2025-12-03,8.206442017030843,Tamil Nadu,0.41306660869585865,0.4758468790353574
2025-12-04,8.822036846024531,Tamil Nadu,0.5601355953422819,0.5892074301414176
2025-12-05,7.402005269300708,Tamil Nadu,0.3650253695286478,0.4395876708115325
2025-12-06,10.078345330756326,Tamil Nadu,0.5663250698958483,0.6070355994343463
2025-12-07,9.314164676959969,Tamil Nadu,0.38956086680700197,0.4778085668531745
2025-12-08,9.872916880102895,Tamil Nadu,0.4787309925466253,0.5500845929828556
2025-12-09,10.739075018289263,Tamil Nadu,0.4165983306556794,0.5069775735931218
2025-12-10,10.986730778718501,Tamil Nadu,0.5110594247037771,0.590422965772528
2025-12-11,9.522560896028784,Tamil Nadu,0.3870487531925696,0.47032123055708974
2025-12-12,9.957575339694786,Tamil Nadu,0.4901416562158192,0.5295919609727087
2025-12-13,9.943580158202192,Tamil Nadu,0.3403100347012699,0.3977274522083396
2025-12-14,8.179220581867426,Tamil Nadu,0.2864128947816684,0.36506255122886766
2025-12-15,7.137217246849819,Tamil Nadu,0.19775726079528322,0.31553391015162285
2025-12-16,6.914322227247517,Tamil Nadu,0.12950366501223579,0.2915274266379336
2025-12-17,7.2744729253417795,Tamil Nadu,0.12299481341871824,0.2975466162944851
2025-12-18,5.822930622009456,Tamil Nadu,0.10966043130407556,0.3251829508929154
2025-12-19,5.721238037770274,Tamil Nadu,0.0569010564296061,0.31371773627845567
2025-12-20,7.6311130982756,Tamil Nadu,0.1757170675144652,0.3916798657505687
2025-12-21,5.9692553946783615,Tamil Nadu,0.1755329312775901,0.40753565342133824
2025-12-22,5.166974986380036,Tamil Nadu,0.18689955093959026,0.43189199680433177
2025-12-23,6.0396422710523385,Tamil Nadu,0.27307574804864093,0.4734101470908026
2025-12-24,6.4233097693902925,Tamil Nadu,0.27362508442907235,0.43423607779325457
2025-12-25,5.899382359561961,Tamil Nadu,0.35432911392573113,0.4742982562789325
2025-12-26,6.401981945198374,Tamil Nadu,0.40775431536713586,0.4715786033315096
2025-12-27,5.923617941278378,Tamil Nadu,0.19892462348322668,0.2669468057973735
2025-12-28,6.871023562343025,Tamil Nadu,0.4292570198020114,0.4044157342171253
2025-12-29,7.573256752866726,Tamil Nadu,0.5609653008816486,0.5024487645086504
2025-12-30,7.869813160074939,Tamil Nadu,0.5012170375563563,0.47464568428916826
2025-12-31,8.095471291769114,Tamil Nadu,0.48247931754391443,0.47469212416844997
2026-01-01,8.739912986805647,Tamil Nadu,0.5688720883154357,0.5568502487971034
2026-01-02,7.568396687156641,Tamil Nadu,0.43342091202810246,0.459815144221723
2026-01-03,8.697464608464553,Tamil Nadu,0.5472259619017482,0.5530117253435742
2026-01-04,10.048260054710205,Tamil Nadu,0.5648150858304514,0.6002334286848019
2026-01-05,9.15634242930177,Tamil Nadu,0.4499374352179488,0.5131074066136765
2026-01-06,9.626523460853202,Tamil Nadu,0.4581772396482971,0.5245737092233115
2026-01-07,9.644781599065253,Tamil Nadu,0.4423498649944855,0.5175061533262546
2026-01-08,9.867681479096554,Tamil Nadu,0.41487410510945205,0.4892988001477583
2026-01-09,9.796268931142935,Tamil Nadu,0.4782191780802138,0.5234570094588757
2026-01-10,10.377563408654494,Tamil Nadu,0.44280826225082043,0.47488362008750046
2026-01-11,9.750716512264914,Tamil Nadu,0.3311010908130869,0.37643620521668697
2026-01-12,8.836357765606913,Tamil Nadu,0.32978282348239424,0.3609672941913211
2026-01-13,8.028643342782058,Tamil Nadu,0.25838359183467535,0.3089219887164943
2026-01-14,8.447072398334223,Tamil Nadu,0.2791050596015295,0.3188189657292515
2026-01-15,6.366728402753621,Tamil Nadu,0.1437893137413312,0.26969744913364957
2026-01-16,7.3891062788186375,Tamil Nadu,0.19948931861192573,0.3111289563630866
2026-01-17,5.2808629278445816,Tamil Nadu,0.021304653300033827,0.24525925444235827
2026-01-18,6.0064851180869665,Tamil Nadu,0.08529945903633174,0.3073424444541437
2026-01-19,7.117834440212038,Tamil Nadu,0.21823570815815757,0.4031746268638553
2026-01-20,5.777344066310051,Tamil Nadu,0.17215774074677564,0.3842258915571942
2026-01-21,6.915668646983207,Tamil Nadu,0.22245404654928294,0.41290135093691016
2026-01-22,6.56466962740579,Tamil Nadu,0.3642785953277123,0.49985111175619856
2026-01-23,7.040437128435838,Tamil Nadu,0.3182301392231277,0.4493203849623507
2026-01-24,4.679926064368685,Tamil Nadu,0.2966178655184083,0.4200267484291873
2026-01-25,6.805949984339632,Tamil Nadu,0.4162466768830024,0.4659658411284925
2026-01-26,5.615485782154231,Tamil Nadu,0.22077250542616317,0.3122249564329125
2026-01-27,7.0427755079201235,Tamil Nadu,0.458043546137196,0.46500634040999006
2026-01-28,7.998214917538441,Tamil Nadu,0.4393976280902483,0.4423217876046364
2026-01-29,8.229283116354711,Tamil Nadu,0.4854372897560164,0.4915066207943345
2026-01-30,7.45798059042867,Tamil Nadu,0.38092751866292046,0.4198018337164152
2026-01-31,8.466430079903605,Tamil Nadu,0.6475411019757857,0.6097961753219076
2026-02-01,8.505195034995591,Tamil Nadu,0.4723028844596423,0.4973852313483215
2026-02-02,8.86263766749562,Tamil Nadu,0.5783415246223766,0.5868143188910794
2026-02-03,9.366989232198428,Tamil Nadu,0.5032622629159693,0.5450580059555359
2026-02-04,10.348227594896228,Tamil Nadu,0.4987768046545568,0.5741816384969423
2026-02-05,11.004319522025735,Tamil Nadu,0.5192737667006165,0.6204021838628453
2026-02-06,10.184462659331126,Tamil Nadu,0.50895522580181,0.6247168445943565
2026-02-07,9.514075077823028,Tamil Nadu,0.4070399738932346,0.5105532793127345
2026-02-08,9.60679985572281,Tamil Nadu,0.4091370416283869,0.5025252387165463
2026-02-09,10.252486009824919,Tamil Nadu,0.42400766156030306,0.4726900842062818
2026-02-10,10.768783987259004,Tamil Nadu,0.4231398540965867,0.4610212557411046
2026-02-11,8.743202567222548,Tamil Nadu,0.26270749038925645,0.3419483332553288
2026-02-12,7.223083268753033,Tamil Nadu,0.1430845409194775,0.27644496019519516
2026-02-13,8.103784426375341,Tamil Nadu,0.2286253271842721,0.32523083880937265
2026-02-14,7.881861634501554,Tamil Nadu,0.2512363602943887,0.3480146745049313
2026-02-15,5.904287460734159,Tamil Nadu,0.12336528223495728,0.30702167228259114
2026-02-16,6.7335554052967455,Tamil Nadu,0.1210821278235986,0.32607174286252116
2026-02-17,5.717344392815324,Tamil Nadu,0.0017859564139663005,0.2764391952292163
2026-02-18,7.312896222645381,Tamil Nadu,0.2398213568434507,0.4367281218803122
2026-02-19,6.163017420704792,Tamil Nadu,0.2653723971203247,0.4459346165021006
2026-02-20,5.488128416208294,Tamil Nadu,0.14027609093659024,0.36400335176217585
2026-02-21,7.855470593790656,Tamil Nadu,0.3453440302873634,0.4954027252519656
2026-02-22,6.745065672400085,Tamil Nadu,0.4180815357054855,0.5338298132903594
2026-02-23,6.584819941511902,Tamil Nadu,0.3353083548674748,0.44615433303212604
2026-02-24,7.060091755547757,Tamil Nadu,0.45848769493884756,0.4644396294551817
2026-02-25,7.952957105360706,Tamil Nadu,0.39893116188962663,0.4088992384717475
2026-02-26,6.797973125944019,Tamil Nadu,0.3978396587503885,0.4074709298136421
2026-02-27,7.202385237447499,Tamil Nadu,0.48153349402299456,0.4551275140973201
2026-02-28,6.992053436303853,Tamil Nadu,0.282380816364266,0.3083406664841374
2026-03-01,8.104575661101999,Tamil Nadu,0.45197597100618786,0.43172460953242475
2026-03-02,8.036682346906403,Tamil Nadu,0.456078762678205,0.44276183147769066
2026-03-03,8.981145573792105,Tamil Nadu,0.4871515048014334,0.4745470332197608
2026-03-04,10.316443276367742,Tamil Nadu,0.5131990662172456,0.5416665029047246
2026-03-05,9.657564952954827,Tamil Nadu,0.5395743907604368,0.5709392151433984
2026-03-06,10.99223572123286,Tamil Nadu,0.5897663554234223,0.622278257557795
2026-03-07,9.828718570537088,Tamil Nadu,0.517956239663954,0.5835425949435984
2026-03-08,11.896635545541614,Tamil Nadu,0.5655445783307113,0.6510219530109673
2026-03-09,10.587195943591317,Tamil Nadu,0.486198069757801,0.5916989377220754
2026-03-10,8.877933706593273,Tamil Nadu,0.3421440417812892,0.4790804942366559
2026-03-11,7.88917500555285,Tamil Nadu,0.2200892294906811,0.39509699300154466
2026-03-12,9.386928453897193,Tamil Nadu,0.33284931923595845,0.45295332780150777
2026-03-13,9.419108779546866,Tamil Nadu,0.261735377700974,0.3857401179610537
2026-03-14,8.102927106292524,Tamil Nadu,0.25122510545830967,0.3595858311086134
2026-03-15,6.954206542170363,Tamil Nadu,0.0644804086256477,0.2499860889042827
2026-03-16,8.199629701186462,Tamil Nadu,0.19976899353784458,0.34187398578705996
2026-03-17,7.944813870272011,Tamil Nadu,0.28745335223406504,0.4103229962300343
2026-03-18,7.760036870832717,Tamil Nadu,0.3391044754689789,0.449527952493767
2026-03-19,6.086098264543944,Tamil Nadu,0.13103744539350318,0.33632952227881907
2026-03-20,6.133831440553278,Tamil Nadu,0.11899785512704679,0.3320545100881285
2026-03-21,5.663988651516427,Tamil Nadu,0.16698669260652588,0.38291212494488924
2026-03-22,6.081433987611442,Tamil Nadu,0.2797064354164387,0.41902186658995305
2026-03-23,6.020760542712904,Tamil Nadu,0.1750811944178746,0.3205272549337272
2026-03-24,7.1155258995988895,Tamil Nadu,0.2787811251125655,0.382658465577058
2026-03-25,6.880691873262616,Tamil Nadu,0.2732816650885806,0.3780758006148013
2026-03-26,6.188606343991029,Tamil Nadu,0.35638799697183593,0.4152361158129708
2026-03-27,7.989027648348813,Tamil Nadu,0.5070187719203286,0.49095945846386296
2026-03-28,7.3448370447437545,Tamil Nadu,0.48619841632908906,0.4683954251217024
2026-03-29,6.29186350300378,Tamil Nadu,0.3643007276583055,0.3861205499400274
2026-03-30,7.880406528002393,Tamil Nadu,0.4948811159026748,0.4712151992084561
2026-03-31,7.125962552722807,Tamil Nadu,0.3483523064529182,0.3608731074755974
2026-04-01,8.852758774741101,Tamil Nadu,0.49790891455869035,0.48706060859463896
2026-04-02,7.894511401313087,Tamil Nadu,0.4726528400184013,0.47168454125247883
2026-04-03,9.102831146846265,Tamil Nadu,0.42662296792681675,0.4588732541998553
2026-04-04,9.825418774217917,Tamil Nadu,0.5200484489408576,0.5418234767961239
2026-04-05,9.794411026605045,Tamil Nadu,0.5805085947384683,0.5955490455324903
2026-04-06,9.819291775404464,Tamil Nadu,0.4690419299398213,0.5200663335708778
2026-04-07,10.22463513773675,Tamil Nadu,0.5356798944045292,0.5813674342511006
2026-04-08,10.352002080725576,Tamil Nadu,0.4342718850733517,0.5187999465277253
2026-04-09,9.740172059926547,Tamil Nadu,0.4519201847380354,0.5114326519210972
2026-04-10,11.640713280013598,Tamil Nadu,0.48721570640863154,0.5651724592503673
2026-04-11,7.705955544499508,Tamil Nadu,0.23506858867146588,0.3863601129343551
2026-04-12,7.074395419520324,Tamil Nadu,0.198778438337771,0.34586550577708197
2026-04-13,8.223461173876233,Tamil Nadu,0.2567012987684519,0.38288503991229617
2026-04-14,9.009781962462485,Tamil Nadu,0.27669232093689916,0.3777545307727826
2026-04-15,7.578937484944119,Tamil Nadu,0.18271693626646549,0.3242664416094323
2026-04-16,7.891021574646313,Tamil Nadu,0.23263812325198316,0.35886682374249246
2026-04-17,6.217788537817528,Tamil Nadu,0.0,0.2310956155493089
2026-04-18,4.53573662643605,Tamil Nadu,0.12385867425665921,0.37410075170820156
2026-04-19,7.725854361328619,Tamil Nadu,0.39640880656256905,0.5592092895469678
2026-04-20,5.62368675980632,Tamil Nadu,0.15508291192705853,0.4060441906354203
2026-04-21,6.209265907963485,Tamil Nadu,0.12912608582222368,0.3819770451541182
2026-04-22,6.460464182713743,Tamil Nadu,0.2549831638072449,0.4513366472296588
2026-04-23,6.142218095109246,Tamil Nadu,0.19918760184391898,0.4001000453352867
2025-11-15,6.961414460673269,Uttar Pradesh,0.6380534037572831,0.19942158721658063
2025-11-16,6.0884420013416225,Uttar Pradesh,0.6380534037572831,0.29887154401735166
2025-11-17,6.6381148178017675,Uttar Pradesh,0.6562763562949423,0.28314295945489304
2025-11-18,5.789896252040938,Uttar Pradesh,0.5452794261520428,0.22031471286175702
2025-11-19,4.1783918062557115,Uttar Pradesh,0.421230605626555,0.22354382267103354
2025-11-20,5.478739392812481,Uttar Pradesh,0.5979802323939561,0.3303316728372454
2025-11-21,6.50187488128981,Uttar Pradesh,0.6877234579243912,0.38388608669776025
2025-11-22,6.628691248875944,Uttar Pradesh,0.6128693428141043,0.32623769513076056
2025-11-23,6.792468691158957,Uttar Pradesh,0.6917709547053068,0.3775715743341141
2025-11-24,7.336853558918233,Uttar Pradesh,0.6904739764368499,0.3824132283096094
2025-11-25,8.52052212962527,Uttar Pradesh,0.8395579118659042,0.5168190361896761
2025-11-26,9.396806033345044,Uttar Pradesh,1.0,0.6681566861908872
2025-11-27,9.174493282470712,Uttar Pradesh,0.8679821660058389,0.595086066171425
2025-11-28,7.89510856811247,Uttar Pradesh,0.7188385526845136,0.48669216832643203
2025-11-29,9.746377206625233,Uttar Pradesh,0.8143109262674749,0.5821391837366086
2025-11-30,9.764020352369725,Uttar Pradesh,0.7971512866196835,0.5876980486269332
2025-12-01,9.87025619964774,Uttar Pradesh,0.7671742546302367,0.5832084245231253
2025-12-02,9.85090639753114,Uttar Pradesh,0.7031908410204446,0.5396600453306868
2025-12-03,8.94130596715419,Uttar Pradesh,0.6162031099495217,0.42441499941415534
2025-12-04,9.382747269680028,Uttar Pradesh,0.6481130733866887,0.41197943374848534
2025-12-05,9.885182309513942,Uttar Pradesh,0.7338776699225873,0.45476221978572284
2025-12-06,10.850821675986595,Uttar Pradesh,0.6896643680265278,0.4145413226691881
2025-12-07,8.858843249602092,Uttar Pradesh,0.5964358038014426,0.3157010064954826
2025-12-08,9.124681851362043,Uttar Pradesh,0.6033151704301398,0.2908377989473078
2025-12-09,8.888568998706257,Uttar Pradesh,0.5927158796701204,0.27905834886263037
2025-12-10,8.7658006997089,Uttar Pradesh,0.629664336370594,0.3079731298799002
2025-12-11,7.2704949241004835,Uttar Pradesh,0.5368192815436974,0.2748954544806377
2025-12-12,7.436702223200836,Uttar Pradesh,0.5168102577880784,0.27041706068958155
2025-12-13,8.213463014866486,Uttar Pradesh,0.5022322091852212,0.26333107308002995
2025-12-14,5.354407825371459,Uttar Pradesh,0.44945045231900754,0.2900523409623902
2025-12-15,6.571255223654803,Uttar Pradesh,0.49188472016969004,0.3317509275531266
2025-12-16,6.807707671271651,Uttar Pradesh,0.5131429235876758,0.3488042983783234
2025-12-17,5.0633836866679065,Uttar Pradesh,0.4066313643829506,0.31077170476949156
2025-12-18,4.922691602711814,Uttar Pradesh,0.4796721827417336,0.38405864522970684
2025-12-19,5.857359495191132,Uttar Pradesh,0.5258744111420334,0.4077337583814248
2025-12-20,5.9635965922830705,Uttar Pradesh,0.47234959282257516,0.3281309353171754
2025-12-21,7.219936637234556,Uttar Pradesh,0.7830756685306406,0.5291362854540839
2025-12-22,8.2776269290874,Uttar Pradesh,0.7648675826118653,0.5030824128629644
2025-12-23,7.007503215612814,Uttar Pradesh,0.652327441634837,0.4048241499801166
2025-12-24,6.940186064163918,Uttar Pradesh,0.7715336517727744,0.4645527120536045
2025-12-25,7.681300680991353,Uttar Pradesh,0.8262766722619406,0.5063263203529638
2025-12-26,8.661685579489127,Uttar Pradesh,0.8186122144178907,0.5186936265451175
2025-12-27,8.311494124190643,Uttar Pradesh,0.7810330289057159,0.4941886819428304
2025-12-28,8.553534021744971,Uttar Pradesh,0.7157407677509662,0.45156976305787705
2025-12-29,10.383930256505028,Uttar Pradesh,0.7578020782305943,0.5271640561445048
2025-12-30,8.411594915697597,Uttar Pradesh,0.714957443132234,0.5012860110456577
2025-12-31,9.542063791590742,Uttar Pradesh,0.777167159252926,0.53584099423462
2026-01-01,10.41041962519263,Uttar Pradesh,0.7778015979097463,0.5257950180550276
2026-01-02,9.203650394285667,Uttar Pradesh,0.6646270811009406,0.4268410369177409
2026-01-03,9.23463287593755,Uttar Pradesh,0.6829383724481897,0.4112319922081352
2026-01-04,8.719039622192227,Uttar Pradesh,0.6459876361892605,0.3746504799448208
2026-01-05,8.756562705815542,Uttar Pradesh,0.5602343622222883,0.31433904437582594
2026-01-06,9.466319995461683,Uttar Pradesh,0.689766189732082,0.38710869646100793
2026-01-07,7.910254131548859,Uttar Pradesh,0.5593379976556291,0.2765006279356753
2026-01-08,8.781261754102461,Uttar Pradesh,0.55745275867964,0.2619390960988744
2026-01-09,8.72679598994267,Uttar Pradesh,0.6138424007159029,0.3006118182316454
2026-01-10,6.797205335625011,Uttar Pradesh,0.513341483675038,0.26309939924089376
2026-01-11,7.463593086490442,Uttar Pradesh,0.5711713457302119,0.31531579064801685
2026-01-12,7.529817159197666,Uttar Pradesh,0.5712833460241554,0.3076392924631755
2026-01-13,7.13683043074183,Uttar Pradesh,0.5085181087593144,0.2771520588396931
2026-01-14,5.995122485328024,Uttar Pradesh,0.5269944041144695,0.3156079763150642
2026-01-15,7.632434108613431,Uttar Pradesh,0.5689991228598521,0.31930369877902365
2026-01-16,5.279330602689352,Uttar Pradesh,0.4261892708266733,0.25105097230058915
2026-01-17,5.702184897210541,Uttar Pradesh,0.5659088959222143,0.35551770326332277
2026-01-18,5.107045614365928,Uttar Pradesh,0.4791567890505985,0.3129843150407229
2026-01-19,7.709898287799979,Uttar Pradesh,0.6508405790942471,0.4226366617107131
2026-01-20,6.716201747144041,Uttar Pradesh,0.6083061597622197,0.36705211265898297
2026-01-21,6.118599468709624,Uttar Pradesh,0.6468690191864509,0.3929197998850821
2026-01-22,7.083705414584653,Uttar Pradesh,0.5989863049987358,0.3389693944213145
2026-01-23,7.712506193644912,Uttar Pradesh,0.8134593093087478,0.46850027481071665
2026-01-24,8.249691265110185,Uttar Pradesh,0.812018857575446,0.48171560010086434
2026-01-25,8.362127962631837,Uttar Pradesh,0.8487098571237275,0.5185079737833894
2026-01-26,7.559179726248586,Uttar Pradesh,0.6289106054706834,0.3665632489993316
2026-01-27,10.23216562991594,Uttar Pradesh,0.8519572299630116,0.5733197987132517
2026-01-28,9.601171303452588,Uttar Pradesh,0.8364593019294675,0.5799406392855394
2026-01-29,7.49337130218613,Uttar Pradesh,0.6600102118774136,0.457548246534491
2026-01-30,10.472922644202448,Uttar Pradesh,0.7849794374539453,0.5581168721271101
2026-01-31,10.96187752520929,Uttar Pradesh,0.7759820188530915,0.5685625654988913
2026-02-01,8.5427246891721,Uttar Pradesh,0.6468525741712337,0.441579432510145
2026-02-02,9.626047089218936,Uttar Pradesh,0.738476495091824,0.5091169115898824
2026-02-03,10.010364910720034,Uttar Pradesh,0.6276095428028242,0.42583184922566286
2026-02-04,8.396538785197787,Uttar Pradesh,0.5811426529596984,0.3614664318567356
2026-02-05,8.237017863670047,Uttar Pradesh,0.6738317730268988,0.41068085819662237
2026-02-06,9.223520721209287,Uttar Pradesh,0.5786168674238058,0.33568959297777956
2026-02-07,8.223100419280248,Uttar Pradesh,0.5052598915481588,0.285152750129887
2026-02-08,8.784186690796727,Uttar Pradesh,0.6502760498282921,0.3831166505576283
2026-02-09,8.369943322688462,Uttar Pradesh,0.5747159093115282,0.31972236287452005
2026-02-10,8.698930776889464,Uttar Pradesh,0.5705696954948227,0.30989851141772984
2026-02-11,7.873968727972331,Uttar Pradesh,0.6105746172719613,0.34291369949609596
2026-02-12,9.072443944206674,Uttar Pradesh,0.6823697925572572,0.3785036688191098
2026-02-13,5.371310055105739,Uttar Pradesh,0.43654094404949767,0.2623680009076723
2026-02-14,4.886993323111191,Uttar Pradesh,0.4516178435840793,0.30236785939389843
2026-02-15,5.329110233399105,Uttar Pradesh,0.4328288179979382,0.3201255632646595
2026-02-16,4.530993471000107,Uttar Pradesh,0.3941443659852183,0.3208216965756138
2026-02-17,5.3778651264024955,Uttar Pradesh,0.409347894997546,0.32437728424858747
2026-02-18,8.185785309470724,Uttar Pradesh,0.6612069293780687,0.4972726563498018
2026-02-19,5.692725150142971,Uttar Pradesh,0.388927151795391,0.3130961671022802
2026-02-20,5.5113009906022885,Uttar Pradesh,0.6492581627669838,0.4831939310343341
2026-02-21,7.563068078814067,Uttar Pradesh,0.8514853955630123,0.618059795928406
2026-02-22,7.971478581906684,Uttar Pradesh,0.8354300996658441,0.597163057600533
2026-02-23,9.652876536947058,Uttar Pradesh,0.998093221739863,0.7307174977242835
2026-02-24,8.165233344919635,Uttar Pradesh,0.8139005348885533,0.597033793267185
2026-02-25,9.071326908067942,Uttar Pradesh,0.6909672454065587,0.5257150615388355
2026-02-26,9.82306490594301,Uttar Pradesh,0.8807786069735677,0.6699621125201624
2026-02-27,7.97465990474803,Uttar Pradesh,0.7724640578723536,0.5887584335211149
2026-02-28,8.886683465255507,Uttar Pradesh,0.7073209033044328,0.5332324177446175
2026-03-01,9.399148541074759,Uttar Pradesh,0.7111594901931214,0.5304088781018312
2026-03-02,9.512824427296614,Uttar Pradesh,0.6310444032721017,0.44270691790040506
2026-03-03,10.118909530885999,Uttar Pradesh,0.7360443531645908,0.49647200549368986
2026-03-04,10.48980204156903,Uttar Pradesh,0.707054691153356,0.49306799298924386
2026-03-05,9.271753317752575,Uttar Pradesh,0.6118096172232429,0.38917615784037823
2026-03-06,10.413875119041291,Uttar Pradesh,0.7551410702366916,0.4325137441980371
2026-03-07,8.96891060041373,Uttar Pradesh,0.641859094447421,0.3354088260556042
2026-03-08,8.67628624436647,Uttar Pradesh,0.6046377642866884,0.29901173333227893
2026-03-09,9.065927483506202,Uttar Pradesh,0.6171733793804677,0.3070749909255268
2026-03-10,7.3988437748854,Uttar Pradesh,0.5101182321460839,0.250110836876697
2026-03-11,8.331466327829174,Uttar Pradesh,0.5322432293497965,0.2705488171712971
2026-03-12,8.75496202271668,Uttar Pradesh,0.6118380850720109,0.32326130666971886
2026-03-13,7.509611732633996,Uttar Pradesh,0.4894928016702955,0.24701646609392375
2026-03-14,6.205499129639994,Uttar Pradesh,0.48970469197723254,0.2911042964277961
2026-03-15,7.494525685534945,Uttar Pradesh,0.5714789450319439,0.35446105275927187
2026-03-16,5.663297217083891,Uttar Pradesh,0.4422296081882064,0.30025380134101487
2026-03-17,5.849300927925092,Uttar Pradesh,0.5429678544489104,0.3811959857405467
2026-03-18,6.751789484181348,Uttar Pradesh,0.5381030946715496,0.3588748619995247
2026-03-19,5.916786858709109,Uttar Pradesh,0.4525927285314417,0.3045591918205661
2026-03-20,7.235980613695115,Uttar Pradesh,0.6190549472995228,0.3814559337611989
2026-03-21,7.029388954752934,Uttar Pradesh,0.6956037535586874,0.42104589476824766
2026-03-22,7.301230956713458,Uttar Pradesh,0.6247935210783024,0.3601503735122825
2026-03-23,6.695312208620072,Uttar Pradesh,0.7091480346330952,0.3950220647894893
2026-03-24,6.817436635029083,Uttar Pradesh,0.7032760994474249,0.39000972816186413
2026-03-25,7.2841574220470955,Uttar Pradesh,0.6731914942258032,0.35597413540768563
2026-03-26,7.697021061976301,Uttar Pradesh,0.7542592592027861,0.38801509939837436
2026-03-27,8.069248871618285,Uttar Pradesh,0.6905112176389598,0.3533026841734328
2026-03-28,9.77398244490788,Uttar Pradesh,0.8080084083043748,0.4848127717746924
2026-03-29,8.255691510562631,Uttar Pradesh,0.6941327611203971,0.41250913667341915
2026-03-30,9.709975287578066,Uttar Pradesh,0.8120832706321164,0.5107604378099485
2026-03-31,11.45837039281572,Uttar Pradesh,0.8919442338319854,0.6176041338979655
2026-04-01,9.514974333455221,Uttar Pradesh,0.7509955877198877,0.5240378972752346
2026-04-02,9.562379047908724,Uttar Pradesh,0.7292257002275115,0.49545557991427047
2026-04-03,8.617931442082401,Uttar Pradesh,0.6641171125959776,0.44514398931985566
2026-04-04,10.378143574030418,Uttar Pradesh,0.6665170742990854,0.45176738502114444
2026-04-05,9.576888813001435,Uttar Pradesh,0.6997414458330418,0.4689386722336648
2026-04-06,9.923529424919062,Uttar Pradesh,0.6478330362243092,0.4146092018884759
2026-04-07,8.26751130306497,Uttar Pradesh,0.4923812374404014,0.28413408196532725
2026-04-08,9.13457313014241,Uttar Pradesh,0.6198453353278457,0.35113277113134345
2026-04-09,7.800658564455659,Uttar Pradesh,0.5532378641071243,0.3030737082261691
2026-04-10,8.33409028818599,Uttar Pradesh,0.6240103385432414,0.34845849331073286
2026-04-11,7.594761983866968,Uttar Pradesh,0.499728995185434,0.27672496959584186
2026-04-12,6.4837701256640115,Uttar Pradesh,0.47727956990239423,0.29333788050376824
2026-04-13,7.752437594533625,Uttar Pradesh,0.5191381816405554,0.3265474344131724
2026-04-14,5.847205477461459,Uttar Pradesh,0.5002900428489669,0.3152314979640439
2026-04-15,4.295104567835354,Uttar Pradesh,0.35,0.2713748503133679
2026-04-16,6.006396829604,Uttar Pradesh,0.5205125045082963,0.3946225743117616
2026-04-17,6.1942800227270105,Uttar Pradesh,0.4924451693989633,0.381512452011423
2026-04-18,7.13273888051542,Uttar Pradesh,0.6050910537260453,0.4308753527647806
2026-04-19,4.686276583351573,Uttar Pradesh,0.508458448512147,0.3695556011745097
2026-04-20,7.230182139044413,Uttar Pradesh,0.5987852853533155,0.39728371100255133
2026-04-21,7.070604095870843,Uttar Pradesh,0.7312007341912627,0.48028995197089597
2026-04-22,6.907121395600915,Uttar Pradesh,0.8312183463461242,0.5215258814005527
2026-04-23,7.771672936488098,Uttar Pradesh,0.7610604174977715,0.47261048810522943
2025-11-15,5.302735473454492,West Bengal,0.2875587213070339,0.19907911475102347
2025-11-16,7.31063086618015,West Bengal,0.2875587213070339,0.4075656345696522
2025-11-17,5.8047072204534285,West Bengal,0.2004058330159111,0.29218447309434636
2025-11-18,7.026281935207835,West Bengal,0.40619694905944687,0.42241096757230034
2025-11-19,7.444605480013292,West Bengal,0.39946520439655037,0.4180291812099987
2025-11-20,7.698286073490089,West Bengal,0.38081954176669014,0.4069079386240845
2025-11-21,8.731774382380614,West Bengal,0.4240297940558829,0.46392591619337986
2025-11-22,8.313193930253409,West Bengal,0.4880702420187286,0.5088026001313595
2025-11-23,9.242436960057958,West Bengal,0.40882449910318386,0.47148225433300983
2025-11-24,7.289410371548117,West Bengal,0.3774402998727322,0.43909788252392923
2025-11-25,9.233402650786251,West Bengal,0.4176156830846307,0.47599029062439724
2025-11-26,10.019516820957982,West Bengal,0.43350958771708886,0.5060983437252317
2025-11-27,8.737520600879233,West Bengal,0.3439586083839812,0.43911380878834005
2025-11-28,11.032651015577997,West Bengal,0.4103209264350534,0.5138755269288493
2025-11-29,9.04895841636049,West Bengal,0.32540086653366845,0.424908792417674
2025-11-30,9.424884174439821,West Bengal,0.29683555273855067,0.40407361554829724
2025-12-01,9.771007571444041,West Bengal,0.4133843069907384,0.45397535265039135
2025-12-02,9.271189667131898,West Bengal,0.2894039729829888,0.3513667530633404
2025-12-03,9.265978157385295,West Bengal,0.2507818605068791,0.310860699631947
2025-12-04,9.570303292534755,West Bengal,0.3286633268552055,0.35271629999174725
2025-12-05,7.8235242355004635,West Bengal,0.13111974558830541,0.22636326122126454
2025-12-06,8.741920174808278,West Bengal,0.27184272152470124,0.32042125653691655
2025-12-07,8.884910926478769,West Bengal,0.2597868859936966,0.3125234513161638
2025-12-08,7.216973743397501,West Bengal,0.15507994856396826,0.24173948458848288
2025-12-09,6.084051869221096,West Bengal,0.11529316763796238,0.25987178226388896
2025-12-10,8.68323993288433,West Bengal,0.2543184010328254,0.3501345920839441
2025-12-11,8.073782031762855,West Bengal,0.2013221140592936,0.3159326112421973
2025-12-12,7.434985194743192,West Bengal,0.26456564530692356,0.33872302160178536
2025-12-13,6.271055680698999,West Bengal,0.14030647264628207,0.27382916264752466
2025-12-14,5.935268516727648,West Bengal,0.10352373615879099,0.26458782627575383
2025-12-15,5.884229474031252,West Bengal,0.19947063050931382,0.33455610571067107
2025-12-16,4.3420576884095095,West Bengal,0.16924852636837434,0.3449730363743587
2025-12-17,6.641877137622607,West Bengal,0.14373648179719026,0.3154640632468989
2025-12-18,6.630675576708644,West Bengal,0.1812306998780003,0.3188066583838144
2025-12-19,6.607153541915712,West Bengal,0.22452375461207588,0.3465488692006382
2025-12-20,6.526019742707112,West Bengal,0.30735270912783935,0.388801519641251
2025-12-21,7.577634376498146,West Bengal,0.41429913915090055,0.4435969542334294
2025-12-22,9.508808472989047,West Bengal,0.5568744143242185,0.5766811916038785
2025-12-23,8.589627929811929,West Bengal,0.579249672494507,0.600176034269507
2025-12-24,9.876055681109253,West Bengal,0.49154416436163473,0.5601083830526662
2025-12-25,9.795468551919097,West Bengal,0.4754972726431653,0.5705185810943113
2025-12-26,10.085811608207974,West Bengal,0.48295658697287175,0.6000852562455328
2025-12-27,10.628519144231873,West Bengal,0.5050602337509924,0.6374843512149031
2025-12-28,9.29277131313348,West Bengal,0.37284294751780755,0.5407731176310617
2025-12-29,9.94823073193651,West Bengal,0.30885582041461296,0.4909844015087386
2025-12-30,9.529360685413348,West Bengal,0.33281055379066654,0.4547664156610577
2025-12-31,10.416364515956486,West Bengal,0.31322317235235403,0.4336695634459014
2026-01-01,9.377001070521043,West Bengal,0.2678357781288456,0.37955255882254596
2026-01-02,8.857105925136898,West Bengal,0.22929834325687157,0.32210024872510623
2026-01-03,9.137146212547615,West Bengal,0.21556686089142874,0.26446030366961826
2026-01-04,7.2685491353719165,West Bengal,0.1876555703576508,0.2538767874901565
2026-01-05,8.490222973482103,West Bengal,0.21334332341941967,0.2771917049190148
2026-01-06,5.988641314524163,West Bengal,0.10316326160188888,0.25578566462697583
2026-01-07,7.094989790034125,West Bengal,0.10429924778084025,0.2711896344028544
2026-01-08,7.118329307141843,West Bengal,0.15557133437420012,0.31629659081832645
2026-01-09,5.786887597786284,West Bengal,0.10063740544868703,0.30134388394038725
2026-01-10,6.861082478229132,West Bengal,0.14062625187426445,0.3184266004537448
2026-01-11,7.2409664370697895,West Bengal,0.28569473008525037,0.41709730747067786
2026-01-12,5.214739162992345,West Bengal,0.06608149374493791,0.27653856732997495
2026-01-13,5.297120740488724,West Bengal,0.2374199119419289,0.4004839080341336
2026-01-14,5.206949044631202,West Bengal,0.1485441840917564,0.3175462787709291
2026-01-15,5.688956853473159,West Bengal,0.17766482912945902,0.319946777354977
2026-01-16,6.895560685605735,West Bengal,0.3757466770674776,0.43719973554623903
2026-01-17,4.483783498655139,West Bengal,0.10340350081511557,0.2344366545200318
2026-01-18,5.763433893353648,West Bengal,0.16630544612153156,0.27428520797497297
2026-01-19,8.020836807415332,West Bengal,0.5266663392085255,0.51340703912975
2026-01-20,8.468155564612802,West Bengal,0.5394289816998301,0.5465130644921496
2026-01-21,9.988941346933087,West Bengal,0.6403354945761787,0.6665486831099084
2026-01-22,8.778402918165167,West Bengal,0.49337023971261496,0.5804743534315631
2026-01-23,8.393496688094043,West Bengal,0.3814640965847588,0.5084499340044714
2026-01-24,8.841496471943106,West Bengal,0.5531505833092566,0.6391460119044228
2026-01-25,9.232950213272666,West Bengal,0.4831991622406582,0.6050895117257205
2026-01-26,10.97964704448264,West Bengal,0.445023063428012,0.603295395970374
2026-01-27,10.723614244760368,West Bengal,0.40210085218107977,0.5808775130484398
2026-01-28,9.175348941963543,West Bengal,0.24763309521137342,0.45338549688561314
2026-01-29,9.935956417080448,West Bengal,0.3450625571617227,0.5058325447817791
2026-01-30,10.806352030318843,West Bengal,0.4053600649072158,0.5514992838724326
2026-01-31,12.247787433946497,West Bengal,0.44810453523974403,0.543294493498338
2026-02-01,8.151318636268588,West Bengal,0.2389545790336963,0.3509941217653102
2026-02-02,8.354159315533773,West Bengal,0.16780807398054992,0.29758806752339456
2026-02-03,8.721076074750927,West Bengal,0.19276563500188587,0.31255914986235855
2026-02-04,8.525392430175968,West Bengal,0.25587785092410537,0.3600822408497516
2026-02-05,8.481617652049126,West Bengal,0.21597945684527814,0.33473315682160054
2026-02-06,6.437735818790751,West Bengal,0.0677557073387954,0.2641020280408407
2026-02-07,7.61332085816497,West Bengal,0.037658000360198125,0.2529745895640655
2026-02-08,5.471184847252473,West Bengal,0.1311403091990911,0.3616986283659678
2026-02-09,6.5466566747746455,West Bengal,0.17679464260072336,0.3947052482127681
2026-02-10,7.336321411406213,West Bengal,0.1997395157735065,0.4001907823330042
2026-02-11,5.826621921425411,West Bengal,0.11170515002596218,0.3555736760758253
2026-02-12,5.5859825107047785,West Bengal,0.08820512343124963,0.3459432430886584
2026-02-13,4.7728637509571055,West Bengal,0.16553303946868547,0.3945020218335312
2026-02-14,6.649049973252976,West Bengal,0.21415641813606479,0.34116777192664227
2026-02-15,5.982268931375913,West Bengal,0.3273527172387845,0.4174633529135622
2026-02-16,5.9964935232297965,West Bengal,0.24523467745500746,0.3526457344401962
2026-02-17,6.231050276304908,West Bengal,0.20142038229359718,0.30187048471738676
2026-02-18,6.304899492690007,West Bengal,0.3258366102679807,0.3644930044554552
2026-02-19,9.976884782953432,West Bengal,0.6349271036533194,0.621760074064314
2026-02-20,7.444657077639736,West Bengal,0.47871277049014066,0.5174616474223916
2026-02-21,9.25847250280325,West Bengal,0.4639839243525242,0.5323346679052052
2026-02-22,9.472745649486363,West Bengal,0.5115239824030263,0.5850322874737961
2026-02-23,9.310867066322825,West Bengal,0.4866502428604401,0.5845588696992015
2026-02-24,10.168256523473914,West Bengal,0.510548257213182,0.628044645480599
2026-02-25,8.401823337110526,West Bengal,0.39877161893305474,0.545422357000465
2026-02-26,8.694353578010176,West Bengal,0.22176560766551026,0.4129223560132789
2026-02-27,8.871697626326775,West Bengal,0.3622612992588833,0.47996772031534196
2026-02-28,9.646298558182039,West Bengal,0.30740917712207616,0.4416912779555692
2026-03-01,9.520552484044334,West Bengal,0.2899909643243173,0.4124870459478286
2026-03-02,10.137956964237663,West Bengal,0.3296070023194072,0.4193851531666139
2026-03-03,10.879134191035869,West Bengal,0.32324214291983694,0.3968579783560645
2026-03-04,8.019882529403294,West Bengal,0.26859273513528514,0.32123825940172684
2026-03-05,8.362723073915825,West Bengal,0.2709953555704257,0.3237741437787969
2026-03-06,8.213849088854515,West Bengal,0.254535806019711,0.2990322915864399
2026-03-07,8.559294869098963,West Bengal,0.23243880408133744,0.28632711255231236
2026-03-08,6.600656182723673,West Bengal,0.13696939684969778,0.2544042328363203
2026-03-09,9.130455771618784,West Bengal,0.23310187514934083,0.32044874868241835
2026-03-10,6.247847497227069,West Bengal,0.03301133024980261,0.20463774191510772
2026-03-11,6.5651180191469845,West Bengal,0.20088473840165733,0.3386597994087861
2026-03-12,6.865268959562469,West Bengal,0.19592346299155444,0.34540811738215715
2026-03-13,6.266774904782462,West Bengal,0.16499023012270325,0.3387029378992154
2026-03-14,5.642912203587875,West Bengal,0.0968565461700919,0.30385118876463457
2026-03-15,7.508343503301175,West Bengal,0.35057047202051367,0.4700526633226729
2026-03-16,5.850540060407519,West Bengal,0.06415207304654902,0.26015467064303954
2026-03-17,7.14684371764914,West Bengal,0.35326096214724184,0.405522903292124
2026-03-18,6.353814854153762,West Bengal,0.27241866198259734,0.3489797009400531
2026-03-19,7.932024507055246,West Bengal,0.36434661833078563,0.4077882497403659
2026-03-20,7.080666327687658,West Bengal,0.3448065573472042,0.3865205014957994
2026-03-21,7.932174846406798,West Bengal,0.44582365640714433,0.44711025203233085
2026-03-22,7.941438459659558,West Bengal,0.3161238699756064,0.36183437455902023
2026-03-23,8.620132937995097,West Bengal,0.4686547946361176,0.4559587171474595
2026-03-24,10.038152975921554,West Bengal,0.46673548205146465,0.4963434506647453
2026-03-25,8.996692214765309,West Bengal,0.4428684777571162,0.48948387974752167
2026-03-26,8.350359969026323,West Bengal,0.3110325317532308,0.39973723636295755
2026-03-27,9.831831805413893,West Bengal,0.44083791151787477,0.501252179674132
2026-03-28,10.095675813464771,West Bengal,0.40272283736003767,0.4713837982661655
2026-03-29,10.026878756512598,West Bengal,0.3948076241845836,0.4776451815233272
2026-03-30,10.257766883622006,West Bengal,0.36911532695863347,0.4448893878483237
2026-03-31,11.095866609421043,West Bengal,0.33895829543019645,0.4362660851469325
2026-04-01,7.99129837815906,West Bengal,0.23945432880229692,0.3417316517719232
2026-04-02,8.27045150062076,West Bengal,0.2836785739899953,0.3693739612743563
2026-04-03,6.826272459574577,West Bengal,0.14144398727806717,0.27589409788848107
2026-04-04,8.867831974440378,West Bengal,0.2250885877459518,0.3280129674189146
2026-04-05,10.164266234196996,West Bengal,0.2946842180856943,0.37375743950569906
2026-04-06,8.515307546434144,West Bengal,0.19738300297651443,0.30708382308718474
2026-04-07,6.932956815720684,West Bengal,0.06603881562937372,0.2345414834490045
2026-04-08,4.832199876548363,West Bengal,0.10729834833906299,0.32454666049067055
2026-04-09,6.466258953974005,West Bengal,0.1786328613084032,0.38899896538972556
2026-04-10,7.080394050594094,West Bengal,0.30342718597047974,0.475902649448156
2026-04-11,6.25300253214878,West Bengal,0.12506230159501702,0.3542307208083961
2026-04-12,5.765884245704614,West Bengal,0.0,0.2693430318423516
2026-04-13,6.5300171532151525,West Bengal,0.1453115312660826,0.35291137715103366
2026-04-14,5.23604795163165,West Bengal,0.16047089022723532,0.3289693684388591
2026-04-15,5.038854745850859,West Bengal,0.3036587626883068,0.43913069909695185
2026-04-16,5.074182747136661,West Bengal,0.179633989381621,0.3561756965100231
2026-04-17,5.58031715644648,West Bengal,0.16731017272703191,0.35150522988224453
2026-04-18,6.334961717733051,West Bengal,0.2943783426705339,0.4190468650238518
2026-04-19,8.26197740098235,West Bengal,0.4948221759073882,0.5106234393261364
2026-04-20,6.714361073432651,West Bengal,0.30195725583321564,0.35002837786277385
2026-04-21,8.665219058908336,West Bengal,0.5542317932310123,0.5539812170973106
2026-04-22,10.07787754363883,West Bengal,0.65,0.6651532114901942
2026-04-23,10.562335688651455,West Bengal,0.6430780255354722,0.7091309686761383
